,%time,seconds,usecs/call,calls,errors,syscall
0,22.40,0.000069,69,1,0,write
1,22.08,0.000068,22,3,0,read
2,21.10,0.000065,10,6,0,close
3,15.26,0.000047,47,1,0,fadvise64
4,10.39,0.000032,16,2,0,munmap
5,8.77,0.000027,3,9,0,mmap
6,0.00,0.000000,0,5,0,fstat
7,0.00,0.000000,0,4,0,mprotect
8,0.00,0.000000,0,3,0,brk
9,0.00,0.000000,0,6,0,pread64
10,0.00,0.000000,0,1,1,access
11,0.00,0.000000,0,1,0,execve
12,0.00,0.000000,0,2,1,arch_prctl
13,0.00,0.000000,0,4,0,openat
