,%time,seconds,usecs/call,calls,errors,syscall
0,21.47,0.000300,300,1,0,execve
1,16.03,0.000224,28,8,0,mmap
2,10.81,0.000151,25,6,0,pread64
3,8.38,0.000117,29,4,0,mprotect
4,8.09,0.000113,37,3,0,brk
5,7.95,0.000111,22,5,0,close
6,6.51,0.000091,30,3,0,openat
7,5.87,0.000082,82,1,0,rmdir
8,5.37,0.000075,25,3,0,fstat
9,3.08,0.000043,21,2,1,arch_prctl
10,2.36,0.000033,33,1,0,munmap
11,2.22,0.000031,31,1,1,access
12,1.86,0.000026,26,1,0,read
